Run,patient
SRR4188967,MMRF_1212_1_PB_CD3pos_C2_TSWGL_L00064
SRR1567062,MMRF_1496_1_PB_CD138pos_T13_TSMRU_L03469
SRR2129722,MMRF_1655_1_PB_CD138pos_T14_TSMRU_L07665
SRR2128881,MMRF_1778_1_PB_CD138pos_T5_TSMRU_L05011
SRR5497019,MMRF_1790_4_PB_CD138pos_T4_TSMRU_L16386
SRR2129739,MMRF_1851_1_PB_CD138pos_T4_TSMRU_L06661
SRR2129747,MMRF_1897_1_PB_CD138pos_T2_TSMRU_L05980
SRR2129752,MMRF_1912_1_PB_CD138pos_T2_TSMRU_L05981
SRR2129760,MMRF_1927_1_PB_CD138pos_T2_TSMRU_L05982
SRR2129776,MMRF_1965_1_PB_CD138pos_T4_TSMRU_L06658
SRR2129788,MMRF_1992_1_PB_CD138pos_T4_TSMRU_L06659
SRR6030240,MMRF_2167_3_PB_CD138pos_T2_TSMRU_L17769
SRR3163514,MMRF_2187_1_PB_CD138pos_T4_TSMRU_L08443
SRR6030250,MMRF_2523_2_PB_CD138pos_T3_TSMRU_L17766
SRR4189149,MMRF_2531_1_PB_CD138pos_T4_TSMRU_L12434
SRR4189287,MMRF_2621_1_PB_CD138pos_T4_TSMRU_L12701
SRR1567003,MMRF_1021_1_BM_CD138pos_T2_TSMRU_L01873
SRR2128803,MMRF_1024_1_BM_CD138pos_T1_TSMRU_L05241
SRR1567004,MMRF_1029_1_BM_CD138pos_T1_TSMRU_L02334
SRR1567005,MMRF_1030_1_BM_CD138pos_T1_TSMRU_L02331
SRR1587258,MMRF_1031_1_BM_CD138pos_T2_TSMRU_K02300
SRR1606145,MMRF_1032_1_BM_CD138pos_T2_TSMRU_L00033
SRR1587259,MMRF_1033_1_BM_CD138pos_T2_TSMRU_K02302
SRR1587260,MMRF_1037_1_BM_CD138pos_T2_TSMRU_K02298
SRR1587261,MMRF_1038_1_BM_CD138pos_T2_TSMRU_K02299
SRR1567006,MMRF_1045_1_BM_CD138pos_T2_TSMRU_L02833
SRR1567007,MMRF_1048_1_BM_CD138pos_T2_TSMRU_L02834
SRR1587262,MMRF_1068_1_BM_CD138pos_T2_TSMRU_K02654
SRR2129713,MMRF_1073_1_BM_CD138pos_T2_TSMRU_L08156
SRR1587263,MMRF_1077_1_BM_CD138pos_T2_TSMRU_K02655
SRR1587264,MMRF_1078_1_BM_CD138pos_T2_TSMRU_K02656
SRR4189695,MMRF_1079_1_BM_CD138pos_T2_TSMRU_L13862
SRR1587265,MMRF_1080_1_BM_CD138pos_T2_TSMRU_K03524
SRR1587266,MMRF_1082_1_BM_CD138pos_T2_TSMRU_K02658
SRR1587267,MMRF_1086_1_BM_CD138pos_T2_TSMRU_K02657
SRR1606146,MMRF_1089_1_BM_CD138pos_T3_TSMRU_L00810
SRR1587268,MMRF_1092_1_BM_CD138pos_T2_TSMRU_K02659
SRR1567009,MMRF_1098_1_BM_CD138pos_T2_TSMRU_L02835
SRR1587269,MMRF_1099_1_BM_CD138pos_T2_TSMRU_K03521
SRR1587270,MMRF_1100_1_BM_CD138pos_T2_TSMRU_K03392
SRR1587271,MMRF_1107_1_BM_CD138pos_T2_TSMRU_K03097
SRR1567010,MMRF_1108_1_BM_CD138pos_T1_TSMRU_L02339
SRR1587272,MMRF_1128_1_BM_CD138pos_T2_TSMRU_K03519
SRR1587273,MMRF_1129_1_BM_CD138pos_T2_TSMRU_K03092
SRR1587274,MMRF_1130_1_BM_CD138pos_T2_TSMRU_K03517
SRR1587275,MMRF_1137_1_BM_CD138pos_T2_TSMRU_K03520
SRR1567012,MMRF_1148_1_BM_CD138pos_T3_TSMRU_L01344
SRR1587276,MMRF_1151_1_BM_CD138pos_T2_TSMRU_K03094
SRR1587277,MMRF_1152_1_BM_CD138pos_T2_TSMRU_K03093
SRR1587278,MMRF_1153_1_BM_CD138pos_T2_TSMRU_K03095
SRR1587279,MMRF_1157_1_BM_CD138pos_T2_TSMRU_K03096
SRR1587280,MMRF_1159_1_BM_CD138pos_T2_TSMRU_K03527
SRR1567013,MMRF_1164_1_BM_CD138pos_T1_TSMRU_L02340
SRR1567014,MMRF_1167_1_BM_CD138pos_T2_TSMRU_L02836
SRR2129716,MMRF_1169_1_BM_CD138pos_T2_TSMRU_L07631
SRR1606148,MMRF_1171_1_BM_CD138pos_T3_TSMRU_L00122
SRR1567015,MMRF_1178_1_BM_CD138pos_T3_TSMRU_L01865
SRR1587281,MMRF_1179_1_BM_CD138pos_T2_TSMRU_K03388
SRR1606149,MMRF_1180_1_BM_CD138pos_T3_TSMRU_L01036
SRR2128805,MMRF_1184_1_BM_CD138pos_T2_TSMRU_K03391
SRR1606150,MMRF_1185_1_BM_CD138pos_T3_TSMRU_L01042
SRR1606151,MMRF_1188_1_BM_CD138pos_T3_TSMRU_L01037
SRR1587282,MMRF_1189_1_BM_CD138pos_T2_TSMRU_K03390
SRR1587283,MMRF_1195_1_BM_CD138pos_T2_TSMRU_K03393
SRR1567016,MMRF_1201_1_BM_CD138pos_T2_TSMRU_L02825
SRR1606152,MMRF_1202_1_BM_CD138pos_T3_TSMRU_L01045
SRR1606153,MMRF_1210_1_BM_CD138pos_T2_TSMRU_L00035
SRR1587284,MMRF_1211_1_BM_CD138pos_T2_TSMRU_K03529
SRR1606155,MMRF_1212_1_BM_CD138pos_T3_TSMRU_L00039
SRR1567017,MMRF_1216_1_BM_CD138pos_T3_TSMRU_L01348
SRR1587285,MMRF_1224_1_BM_CD138pos_T2_TSMRU_K03513
SRR1587286,MMRF_1229_1_BM_CD138pos_T2_TSMRU_K03528
SRR1606156,MMRF_1231_1_BM_CD138pos_T2_TSMRU_L00031
SRR1567019,MMRF_1235_1_BM_CD138pos_T1_TSMRU_L02338
SRR1587287,MMRF_1242_1_BM_CD138pos_T2_TSMRU_K03522
SRR1606157,MMRF_1244_1_BM_CD138pos_T2_TSMRU_K03526
SRR1567020,MMRF_1250_1_BM_CD138pos_T1_TSMRU_L02341
SRR1606158,MMRF_1251_1_BM_CD138pos_T2_TSMRU_L00038
SRR1606159,MMRF_1252_1_BM_CD138pos_T2_TSMRU_L00030
SRR1587288,MMRF_1257_1_BM_CD138pos_T2_TSMRU_K03523
SRR1606160,MMRF_1260_1_BM_CD138pos_T3_TSMRU_L01041
SRR1606161,MMRF_1261_1_BM_CD138pos_T3_TSMRU_L00123
SRR1606162,MMRF_1266_1_BM_CD138pos_T2_TSMRU_K03697
SRR1606163,MMRF_1267_1_BM_CD138pos_T2_TSMRU_K03698
SRR1606164,MMRF_1269_1_BM_CD138pos_T2_TSMRU_L00037
SRR1606165,MMRF_1270_1_BM_CD138pos_T3_TSMRU_L01034
SRR1606166,MMRF_1274_1_BM_CD138pos_T2_TSMRU_K03703
SRR1567021,MMRF_1277_1_BM_CD138pos_T2_TSMRU_L01340
SRR1606167,MMRF_1281_1_BM_CD138pos_T2_TSMRU_K03699
SRR1606168,MMRF_1284_1_BM_CD138pos_T3_TSMRU_L01044
SRR1606169,MMRF_1285_1_BM_CD138pos_T2_TSMRU_K03702
SRR1567022,MMRF_1286_1_BM_CD138pos_T2_TSMRU_L02837
SRR4189493,MMRF_1289_1_BM_CD138pos_T1_TSMRU_L13129
SRR1606170,MMRF_1290_1_BM_CD138pos_T2_TSMRU_K03701
SRR3163614,MMRF_1293_1_BM_CD138pos_T3_TSMRU_L01347
SRR1606171,MMRF_1295_1_BM_CD138pos_T2_TSMRU_K03700
SRR4189485,MMRF_1296_1_BM_CD138pos_T1_TSMRU_L13120
SRR1606172,MMRF_1300_1_BM_CD138pos_T3_TSMRU_L01038
SRR1606174,MMRF_1304_1_BM_CD138pos_T6_TSMRU_L00119
SRR1606175,MMRF_1307_1_BM_CD138pos_T3_TSMRU_L00042
SRR1567023,MMRF_1308_1_BM_CD138pos_T1_TSMRU_L02335
SRR1567024,MMRF_1309_1_BM_CD138pos_T2_TSMRU_L02832
SRR1606176,MMRF_1310_1_BM_CD138pos_T4_TSMRU_L00044
SRR1606177,MMRF_1311_1_BM_CD138pos_T5_TSMRU_L00040
SRR1606178,MMRF_1312_1_BM_CD138pos_T3_TSMRU_L00124
SRR1606179,MMRF_1314_1_BM_CD138pos_T4_TSMRU_L00041
SRR1567025,MMRF_1318_1_BM_CD138pos_T2_TSMRU_L01870
SRR1606180,MMRF_1320_1_BM_CD138pos_T3_TSMRU_L01046
SRR1567026,MMRF_1323_1_BM_CD138pos_T3_TSMRU_L01035
SRR1567027,MMRF_1324_1_BM_CD138pos_T3_TSMRU_L01339
SRR1606181,MMRF_1325_1_BM_CD138pos_T3_TSMRU_L00803
SRR1606182,MMRF_1327_1_BM_CD138pos_T2_TSMRU_L00034
SRR1606183,MMRF_1328_1_BM_CD138pos_T6_TSMRU_L00120
SRR1606185,MMRF_1331_1_BM_CD138pos_T3_TSMRU_L01040
SRR1606186,MMRF_1332_1_BM_CD138pos_T3_TSMRU_L00043
SRR4189488,MMRF_1335_1_BM_CD138pos_T1_TSMRU_L13123
SRR1606187,MMRF_1338_1_BM_CD138pos_T3_TSMRU_L00395
SRR1606188,MMRF_1342_1_BM_CD138pos_T3_TSMRU_L00396
SRR1606189,MMRF_1344_1_BM_CD138pos_T3_TSMRU_L00390
SRR4189489,MMRF_1346_1_BM_CD138pos_T1_TSMRU_L13124
SRR1606190,MMRF_1348_1_BM_CD138pos_T3_TSMRU_L01043
SRR1567028,MMRF_1349_1_BM_CD138pos_T3_TSMRU_L01345
SRR1606191,MMRF_1352_1_BM_CD138pos_T3_TSMRU_L00397
SRR1606192,MMRF_1354_1_BM_CD138pos_T3_TSMRU_L00389
SRR1567029,MMRF_1355_1_BM_CD138pos_T2_TSMRU_L01871
SRR1606193,MMRF_1356_1_BM_CD138pos_T3_TSMRU_L01033
SRR1567030,MMRF_1358_1_BM_CD138pos_T1_TSMRU_L02337
SRR1606194,MMRF_1359_1_BM_CD138pos_T3_TSMRU_L00403
SRR1606195,MMRF_1360_1_BM_CD138pos_T3_TSMRU_L00808
SRR1567031,MMRF_1361_1_BM_CD138pos_T2_TSMRU_L01872
SRR3163504,MMRF_1364_1_BM_CD138pos_T3_TSMRU_L00804
SRR1606196,MMRF_1365_1_BM_CD138pos_T3_TSMRU_L00811
SRR1606197,MMRF_1371_1_BM_CD138pos_T3_TSMRU_L00809
SRR4189490,MMRF_1373_1_BM_CD138pos_T1_TSMRU_L13125
SRR4189491,MMRF_1374_1_BM_CD138pos_T1_TSMRU_L13126
SRR1606198,MMRF_1377_1_BM_CD138pos_T3_TSMRU_L00807
SRR1606199,MMRF_1380_1_BM_CD138pos_T3_TSMRU_L00398
SRR1606200,MMRF_1383_1_BM_CD138pos_T3_TSMRU_L00805
SRR1606201,MMRF_1386_1_BM_CD138pos_T3_TSMRU_L00802
SRR1606202,MMRF_1388_1_BM_CD138pos_T3_TSMRU_L00400
SRR1606203,MMRF_1389_1_BM_CD138pos_T3_TSMRU_L00399
SRR1606204,MMRF_1391_1_BM_CD138pos_T3_TSMRU_L00402
SRR1567033,MMRF_1392_1_BM_CD138pos_T3_TSMRU_L01341
SRR1567034,MMRF_1393_1_BM_CD138pos_T3_TSMRU_L01343
SRR1606205,MMRF_1395_1_BM_CD138pos_T3_TSMRU_L00401
SRR1567035,MMRF_1401_1_BM_CD138pos_T3_TSMRU_L01866
SRR1606207,MMRF_1403_1_BM_CD138pos_T3_TSMRU_L00392
SRR4189492,MMRF_1407_1_BM_CD138pos_T8_TSMRU_L13128
SRR1606208,MMRF_1408_1_BM_CD138pos_T3_TSMRU_L00394
SRR1567036,MMRF_1413_1_BM_CD138pos_T3_TSMRU_L01342
SRR4189497,MMRF_1415_1_BM_CD138pos_T1_TSMRU_L13135
SRR2128808,MMRF_1423_1_BM_CD138pos_T2_TSMRU_L05242
SRR1567037,MMRF_1424_1_BM_CD138pos_T3_TSMRU_L01331
SRR1567038,MMRF_1425_1_BM_CD138pos_T3_TSMRU_L01332
SRR1567039,MMRF_1426_1_BM_CD138pos_T3_TSMRU_L01323
SRR1567040,MMRF_1432_1_BM_CD138pos_T3_TSMRU_L01346
SRR1567041,MMRF_1433_1_BM_CD138pos_T3_TSMRU_L01327
SRR1567042,MMRF_1434_1_BM_CD138pos_T3_TSMRU_L01328
SRR1567043,MMRF_1436_1_BM_CD138pos_T3_TSMRU_L01329
SRR1567044,MMRF_1439_1_BM_CD138pos_T3_TSMRU_L01333
SRR1567045,MMRF_1445_1_BM_CD138pos_T3_TSMRU_L01326
SRR1567046,MMRF_1446_1_BM_CD138pos_T3_TSMRU_L01324
SRR1567047,MMRF_1447_1_BM_CD138pos_T3_TSMRU_L01325
SRR1567048,MMRF_1450_1_BM_CD138pos_T3_TSMRU_L01334
SRR1567049,MMRF_1451_1_BM_CD138pos_T3_TSMRU_L01335
SRR4189500,MMRF_1452_1_BM_CD138pos_T1_TSMRU_L13138
SRR1567050,MMRF_1453_1_BM_CD138pos_T1_TSMRU_L02342
SRR1567051,MMRF_1454_1_BM_CD138pos_T3_TSMRU_L01336
SRR4189501,MMRF_1455_1_BM_CD138pos_T1_TSMRU_L13139
SRR4189503,MMRF_1458_1_BM_CD138pos_T1_TSMRU_L13141
SRR1567052,MMRF_1460_1_BM_CD138pos_T3_TSMRU_L01337
SRR1567053,MMRF_1461_1_BM_CD138pos_T3_TSMRU_L01338
SRR1567054,MMRF_1462_1_BM_CD138pos_T1_TSMRU_L02343
SRR1567055,MMRF_1466_1_BM_CD138pos_T3_TSMRU_L01322
SRR4189496,MMRF_1470_1_BM_CD138pos_T1_TSMRU_L13134
SRR1567056,MMRF_1474_1_BM_CD138pos_T3_TSMRU_L01869
SRR4189504,MMRF_1475_1_BM_CD138pos_T1_TSMRU_L13142
SRR1567057,MMRF_1478_1_BM_CD138pos_T3_TSMRU_L01867
SRR1567058,MMRF_1484_1_BM_CD138pos_T2_TSMRU_L02824
SRR1567059,MMRF_1485_1_BM_CD138pos_T1_TSMRU_L02332
SRR1567060,MMRF_1489_1_BM_CD138pos_T3_TSMRU_L01868
SRR4189505,MMRF_1490_1_BM_CD138pos_T1_TSMRU_L13144
SRR1567061,MMRF_1491_1_BM_CD138pos_T1_TSMRU_L02333
SRR4189506,MMRF_1494_1_BM_CD138pos_T1_TSMRU_L13145
SRR1567063,MMRF_1496_1_BM_CD138pos_T14_TSMRU_L03473
SRR1567064,MMRF_1497_1_BM_CD138pos_T2_TSMRU_L02823
SRR3163625,MMRF_1499_1_BM_CD138pos_T1_TSMRU_L02345
SRR1567065,MMRF_1501_1_BM_CD138pos_T1_TSMRU_L02344
SRR1567066,MMRF_1502_1_BM_CD138pos_T1_TSMRU_L02336
SRR4189494,MMRF_1504_1_BM_CD138pos_T1_TSMRU_L13132
SRR1567067,MMRF_1506_1_BM_CD138pos_T2_TSMRU_L02830
SRR1567069,MMRF_1510_1_BM_CD138pos_T2_TSMRU_L02829
SRR1567070,MMRF_1511_1_BM_CD138pos_T2_TSMRU_L02828
SRR2128809,MMRF_1512_1_BM_CD138pos_T2_TSMRU_L04220
SRR4189495,MMRF_1513_1_BM_CD138pos_T1_TSMRU_L13133
SRR1567071,MMRF_1516_1_BM_CD138pos_T2_TSMRU_L02827
SRR1567072,MMRF_1519_1_BM_CD138pos_T2_TSMRU_L02826
SRR2128810,MMRF_1520_1_BM_CD138pos_T2_TSMRU_L05319
SRR1567073,MMRF_1522_1_BM_CD138pos_T3_TSMRU_L03444
SRR2128811,MMRF_1523_1_BM_CD138pos_T3_TSMRU_L04980
SRR1567074,MMRF_1531_1_BM_CD138pos_T3_TSMRU_L03445
SRR1567075,MMRF_1534_1_BM_CD138pos_T3_TSMRU_L03446
SRR2129719,MMRF_1537_1_BM_CD138pos_T2_TSMRU_L05998
SRR1567076,MMRF_1538_1_BM_CD138pos_T2_TSMRU_L02838
SRR1567077,MMRF_1539_1_BM_CD138pos_T3_TSMRU_L03447
SRR1567078,MMRF_1540_1_BM_CD138pos_T3_TSMRU_L03448
SRR2129720,MMRF_1541_1_BM_CD138pos_T2_TSMRU_L05983
SRR1567079,MMRF_1542_1_BM_CD138pos_T3_TSMRU_L03449
SRR2128812,MMRF_1543_1_BM_CD138pos_T2_TSMRU_L03885
SRR4189168,MMRF_1546_1_BM_CD138pos_T2_TSMRU_L12455
SRR1567080,MMRF_1550_1_BM_CD138pos_T3_TSMRU_L03450
SRR1567081,MMRF_1556_1_BM_CD138pos_T2_TSMRU_L02839
SRR1567082,MMRF_1560_1_BM_CD138pos_T3_TSMRU_L03451
SRR2128813,MMRF_1565_1_BM_CD138pos_T2_TSMRU_L05328
SRR1567083,MMRF_1570_1_BM_CD138pos_T3_TSMRU_L03452
SRR1567084,MMRF_1572_1_BM_CD138pos_T3_TSMRU_L03454
SRR1567085,MMRF_1573_1_BM_CD138pos_T3_TSMRU_L03453
SRR1567086,MMRF_1574_1_BM_CD138pos_T3_TSMRU_L03455
SRR1567087,MMRF_1577_1_BM_CD138pos_T3_TSMRU_L03456
SRR1567088,MMRF_1579_1_BM_CD138pos_T3_TSMRU_L03457
SRR1567089,MMRF_1580_1_BM_CD138pos_T3_TSMRU_L03458
SRR1567090,MMRF_1583_1_BM_CD138pos_T3_TSMRU_L03459
SRR3163642,MMRF_1584_1_BM_CD138pos_T1_TSMRU_L05243
SRR1567091,MMRF_1586_1_BM_CD138pos_T3_TSMRU_L03460
SRR1567092,MMRF_1587_1_BM_CD138pos_T3_TSMRU_L03461
SRR2129721,MMRF_1588_1_BM_CD138pos_T2_TSMRU_L05984
SRR1567093,MMRF_1589_1_BM_CD138pos_T3_TSMRU_L03462
SRR1567094,MMRF_1593_1_BM_CD138pos_T3_TSMRU_L03464
SRR1567095,MMRF_1595_1_BM_CD138pos_T3_TSMRU_L03463
SRR1567096,MMRF_1596_1_BM_CD138pos_T3_TSMRU_L03465
SRR2128814,MMRF_1597_1_BM_CD138pos_T2_TSMRU_L03887
SRR2128815,MMRF_1598_1_BM_CD138pos_T2_TSMRU_L03886
SRR1567097,MMRF_1603_1_BM_CD138pos_T3_TSMRU_L03467
SRR1567098,MMRF_1605_1_BM_CD138pos_T3_TSMRU_L03468
SRR2128816,MMRF_1613_1_BM_CD138pos_T2_TSMRU_L03888
SRR2128817,MMRF_1614_1_BM_CD138pos_T2_TSMRU_L03889
SRR2128818,MMRF_1617_1_BM_CD138pos_T2_TSMRU_L03890
SRR2128819,MMRF_1618_1_BM_CD138pos_T2_TSMRU_L03891
SRR2128820,MMRF_1621_1_BM_CD138pos_T2_TSMRU_L03892
SRR2128821,MMRF_1624_1_BM_CD138pos_T2_TSMRU_L04221
SRR2128822,MMRF_1625_1_BM_CD138pos_T2_TSMRU_L03894
SRR2128823,MMRF_1627_1_BM_CD138pos_T2_TSMRU_L04222
SRR2128824,MMRF_1630_1_BM_CD138pos_T2_TSMRU_L04223
SRR2128825,MMRF_1633_1_BM_CD138pos_T2_TSMRU_L04224
SRR2128826,MMRF_1634_1_BM_CD138pos_T2_TSMRU_L03895
SRR2128827,MMRF_1637_1_BM_CD138pos_T2_TSMRU_L04225
SRR2128828,MMRF_1639_1_BM_CD138pos_T2_TSMRU_L04226
SRR2128829,MMRF_1640_1_BM_CD138pos_T2_TSMRU_L04227
SRR2128830,MMRF_1641_1_BM_CD138pos_T2_TSMRU_L04228
SRR2128831,MMRF_1643_1_BM_CD138pos_T2_TSMRU_L04229
SRR2128832,MMRF_1644_1_BM_CD138pos_T2_TSMRU_L04230
SRR2128833,MMRF_1645_1_BM_CD138pos_T2_TSMRU_L04584
SRR2128834,MMRF_1648_1_BM_CD138pos_T2_TSMRU_L04569
SRR2128835,MMRF_1651_1_BM_CD138pos_T2_TSMRU_L04231
SRR2128836,MMRF_1652_1_BM_CD138pos_T2_TSMRU_L04232
SRR3163644,MMRF_1654_1_BM_CD138pos_T2_TSMRU_L05336
SRR2128837,MMRF_1656_1_BM_CD138pos_T2_TSMRU_L04234
SRR2128838,MMRF_1659_1_BM_CD138pos_T2_TSMRU_L04581
SRR2128839,MMRF_1664_1_BM_CD138pos_T2_TSMRU_L04235
SRR2128840,MMRF_1665_1_BM_CD138pos_T2_TSMRU_L04233
SRR2128841,MMRF_1668_1_BM_CD138pos_T2_TSMRU_L04236
SRR2128842,MMRF_1670_1_BM_CD138pos_T3_TSMRU_L04981
SRR2128843,MMRF_1671_1_BM_CD138pos_T2_TSMRU_L04237
SRR2128844,MMRF_1672_1_BM_CD138pos_T3_TSMRU_L04982
SRR2128845,MMRF_1677_1_BM_CD138pos_T2_TSMRU_L04571
SRR2128846,MMRF_1678_1_BM_CD138pos_T2_TSMRU_L05337
SRR3163645,MMRF_1682_1_BM_CD138pos_T2_TSMRU_L05338
SRR2128847,MMRF_1683_1_BM_CD138pos_T2_TSMRU_L04564
SRR2129723,MMRF_1686_1_BM_CD138pos_T2_TSMRU_L05985
SRR2128848,MMRF_1689_1_BM_CD138pos_T2_TSMRU_L04582
SRR2129725,MMRF_1690_1_BM_CD138pos_T2_TSMRU_L05986
SRR2128849,MMRF_1694_1_BM_CD138pos_T2_TSMRU_L04577
SRR2128850,MMRF_1695_1_BM_CD138pos_T2_TSMRU_L04563
SRR2129726,MMRF_1698_1_BM_CD138pos_T2_TSMRU_L05987
SRR2128851,MMRF_1700_1_BM_CD138pos_T2_TSMRU_L05244
SRR2128852,MMRF_1705_1_BM_CD138pos_T2_TSMRU_L05339
SRR2128853,MMRF_1710_1_BM_CD138pos_T2_TSMRU_L05329
SRR2128855,MMRF_1713_1_BM_CD138pos_T2_TSMRU_L04579
SRR2128856,MMRF_1714_1_BM_CD138pos_T2_TSMRU_L04565
SRR2128857,MMRF_1715_1_BM_CD138pos_T2_TSMRU_L04586
SRR2128858,MMRF_1716_1_BM_CD138pos_T2_TSMRU_L05340
SRR2128859,MMRF_1718_1_BM_CD138pos_T2_TSMRU_L04583
SRR2128860,MMRF_1719_1_BM_CD138pos_T3_TSMRU_L04983
SRR2128861,MMRF_1720_1_BM_CD138pos_T2_TSMRU_L04585
SRR2128862,MMRF_1721_1_BM_CD138pos_T2_TSMRU_L04568
SRR2128863,MMRF_1722_1_BM_CD138pos_T2_TSMRU_L04580
SRR2128864,MMRF_1726_1_BM_CD138pos_T2_TSMRU_L04588
SRR3163507,MMRF_1727_1_BM_CD138pos_T2_TSMRU_L06655
SRR2128865,MMRF_1730_1_BM_CD138pos_T2_TSMRU_L04566
SRR2129727,MMRF_1731_1_BM_CD138pos_T2_TSMRU_L05988
SRR2128866,MMRF_1733_1_BM_CD138pos_T3_TSMRU_L04984
SRR2128867,MMRF_1735_1_BM_CD138pos_T2_TSMRU_L04574
SRR2128868,MMRF_1736_1_BM_CD138pos_T3_TSMRU_L04985
SRR2129728,MMRF_1738_1_BM_CD138pos_T2_TSMRU_L06656
SRR2128869,MMRF_1739_1_BM_CD138pos_T2_TSMRU_L04576
SRR2128870,MMRF_1744_1_BM_CD138pos_T2_TSMRU_L04573
SRR2128871,MMRF_1750_1_BM_CD138pos_T3_TSMRU_L04986
SRR2129729,MMRF_1755_1_BM_CD138pos_T2_TSMRU_L08162
SRR2128872,MMRF_1758_1_BM_CD138pos_T2_TSMRU_L04567
SRR2128873,MMRF_1759_1_BM_CD138pos_T2_TSMRU_L05330
SRR2128874,MMRF_1766_1_BM_CD138pos_T2_TSMRU_L05317
SRR2128875,MMRF_1768_1_BM_CD138pos_T3_TSMRU_L04988
SRR2128876,MMRF_1771_1_BM_CD138pos_T3_TSMRU_L04989
SRR2128877,MMRF_1773_1_BM_CD138pos_T3_TSMRU_L04990
SRR2128878,MMRF_1775_1_BM_CD138pos_T3_TSMRU_L04991
SRR2128879,MMRF_1777_1_BM_CD138pos_T3_TSMRU_L04992
SRR2128880,MMRF_1778_1_BM_CD138pos_T4_TSMRU_L04993
SRR2129730,MMRF_1780_1_BM_CD138pos_T2_TSMRU_L05989
SRR2128882,MMRF_1782_1_BM_CD138pos_T3_TSMRU_L04994
SRR2128883,MMRF_1783_1_BM_CD138pos_T2_TSMRU_L05251
SRR2128884,MMRF_1785_1_BM_CD138pos_T3_TSMRU_L04995
SRR2128885,MMRF_1786_1_BM_CD138pos_T2_TSMRU_L05245
SRR2128886,MMRF_1787_1_BM_CD138pos_T3_TSMRU_L04996
SRR3163669,MMRF_1790_1_BM_CD138pos_T2_TSMRU_L06654
SRR2128887,MMRF_1792_1_BM_CD138pos_T3_TSMRU_L04997
SRR2128888,MMRF_1793_1_BM_CD138pos_T3_TSMRU_L04998
SRR2128889,MMRF_1795_1_BM_CD138pos_T3_TSMRU_L05000
SRR2128890,MMRF_1796_1_BM_CD138pos_T3_TSMRU_L05001
SRR2128891,MMRF_1797_1_BM_CD138pos_T3_TSMRU_L04999
SRR2128892,MMRF_1801_1_BM_CD138pos_T2_TSMRU_L05246
SRR2128893,MMRF_1802_1_BM_CD138pos_T3_TSMRU_L05002
SRR4189733,MMRF_1805_1_BM_CD138pos_T2_TSMRU_L14996
SRR2128894,MMRF_1807_1_BM_CD138pos_T2_TSMRU_L05247
SRR2128895,MMRF_1808_1_BM_CD138pos_T3_TSMRU_L05003
SRR2128896,MMRF_1810_1_BM_CD138pos_T3_TSMRU_L05004
SRR2129731,MMRF_1814_1_BM_CD138pos_T3_TSMRU_L07168
SRR2129732,MMRF_1815_1_BM_CD138pos_T3_TSMRU_L05005
SRR2128897,MMRF_1817_1_BM_CD138pos_T2_TSMRU_L05318
SRR2128898,MMRF_1819_1_BM_CD138pos_T2_TSMRU_L05248
SRR2128899,MMRF_1822_1_BM_CD138pos_T3_TSMRU_L05006
SRR2128900,MMRF_1823_1_BM_CD138pos_T3_TSMRU_L05007
SRR2129733,MMRF_1824_1_BM_CD138pos_T2_TSMRU_L06651
SRR2128901,MMRF_1825_1_BM_CD138pos_T3_TSMRU_L05008
SRR2128902,MMRF_1830_1_BM_CD138pos_T3_TSMRU_L05009
SRR2128903,MMRF_1831_1_BM_CD138pos_T3_TSMRU_L05010
SRR2128904,MMRF_1832_1_BM_CD138pos_T2_TSMRU_L05249
SRR2129734,MMRF_1833_1_BM_CD138pos_T2_TSMRU_L05990
SRR2128905,MMRF_1835_1_BM_CD138pos_T2_TSMRU_L05250
SRR2128906,MMRF_1837_1_BM_CD138pos_T2_TSMRU_L05320
SRR2129736,MMRF_1839_1_BM_CD138pos_T2_TSMRU_L05991
SRR2128907,MMRF_1842_1_BM_CD138pos_T2_TSMRU_L05331
SRR2128908,MMRF_1845_1_BM_CD138pos_T2_TSMRU_L05321
SRR2128909,MMRF_1846_1_BM_CD138pos_T2_TSMRU_L05332
SRR2128910,MMRF_1847_1_BM_CD138pos_T2_TSMRU_L05333
SRR2129737,MMRF_1850_1_BM_CD138pos_T2_TSMRU_L05992
SRR2129738,MMRF_1851_1_BM_CD138pos_T2_TSMRU_L06638
SRR2128911,MMRF_1854_1_BM_CD138pos_T2_TSMRU_L05322
SRR2128912,MMRF_1855_1_BM_CD138pos_T2_TSMRU_L05323
SRR2128913,MMRF_1856_1_BM_CD138pos_T2_TSMRU_L05335
SRR2128914,MMRF_1857_1_BM_CD138pos_T2_TSMRU_L05324
SRR2128915,MMRF_1859_1_BM_CD138pos_T2_TSMRU_L05341
SRR2128916,MMRF_1860_1_BM_CD138pos_T2_TSMRU_L05325
SRR2129740,MMRF_1861_1_BM_CD138pos_T2_TSMRU_L06657
SRR2129741,MMRF_1862_1_BM_CD138pos_T2_TSMRU_L06653
SRR2128917,MMRF_1865_1_BM_CD138pos_T2_TSMRU_L05342
SRR2128918,MMRF_1867_1_BM_CD138pos_T2_TSMRU_L05326
SRR2128919,MMRF_1871_1_BM_CD138pos_T2_TSMRU_L05343
SRR2128920,MMRF_1876_1_BM_CD138pos_T2_TSMRU_L05327
SRR2128921,MMRF_1879_1_BM_CD138pos_T2_TSMRU_L05344
SRR3163667,MMRF_1880_1_BM_CD138pos_T2_TSMRU_L06635
SRR2128922,MMRF_1881_1_BM_CD138pos_T2_TSMRU_L05345
SRR2128923,MMRF_1882_1_BM_CD138pos_T2_TSMRU_L05350
SRR2128924,MMRF_1886_1_BM_CD138pos_T2_TSMRU_L05346
SRR2129742,MMRF_1888_1_BM_CD138pos_T3_TSMRU_L07169
SRR2128925,MMRF_1890_1_BM_CD138pos_T2_TSMRU_L05347
SRR2129744,MMRF_1891_1_BM_CD138pos_T2_TSMRU_L06640
SRR2128926,MMRF_1893_1_BM_CD138pos_T2_TSMRU_L05348
SRR2129745,MMRF_1895_1_BM_CD138pos_T2_TSMRU_L05994
SRR2129746,MMRF_1897_1_BM_CD138pos_T4_TSMRU_L05995
SRR2128927,MMRF_1900_1_BM_CD138pos_T2_TSMRU_L05349
SRR2129748,MMRF_1906_1_BM_CD138pos_T2_TSMRU_L05996
SRR2129749,MMRF_1908_1_BM_CD138pos_T3_TSMRU_L07179
SRR2129750,MMRF_1910_1_BM_CD138pos_T2_TSMRU_L06646
SRR2129751,MMRF_1911_1_BM_CD138pos_T2_TSMRU_L06641
SRR2129753,MMRF_1915_1_BM_CD138pos_T2_TSMRU_L06648
SRR2129754,MMRF_1916_1_BM_CD138pos_T3_TSMRU_L07180
SRR2129755,MMRF_1917_1_BM_CD138pos_T2_TSMRU_L05999
SRR2129756,MMRF_1918_1_BM_CD138pos_T3_TSMRU_L07170
SRR2129757,MMRF_1921_1_BM_CD138pos_T2_TSMRU_L06000
SRR2129758,MMRF_1922_1_BM_CD138pos_T2_TSMRU_L06001
SRR3163686,MMRF_1923_1_BM_CD138pos_T3_TSMRU_L07633
SRR2129759,MMRF_1927_1_BM_CD138pos_T4_TSMRU_L06003
SRR2129761,MMRF_1928_1_BM_CD138pos_T2_TSMRU_L06647
SRR2129762,MMRF_1931_1_BM_CD138pos_T3_TSMRU_L07181
SRR2129763,MMRF_1932_1_BM_CD138pos_T2_TSMRU_L06643
SRR2129764,MMRF_1935_1_BM_CD138pos_T2_TSMRU_L06644
SRR2129765,MMRF_1936_1_BM_CD138pos_T2_TSMRU_L06662
SRR2129766,MMRF_1941_1_BM_CD138pos_T3_TSMRU_L07171
SRR2129767,MMRF_1944_1_BM_CD138pos_T2_TSMRU_L06009
SRR2129768,MMRF_1947_1_BM_CD138pos_T2_TSMRU_L06627
SRR2129769,MMRF_1949_1_BM_CD138pos_T3_TSMRU_L07172
SRR2129770,MMRF_1950_1_BM_CD138pos_T2_TSMRU_L06626
SRR2129771,MMRF_1951_1_BM_CD138pos_T2_TSMRU_L06010
SRR2129772,MMRF_1952_1_BM_CD138pos_T2_TSMRU_L06011
SRR2129774,MMRF_1963_1_BM_CD138pos_T2_TSMRU_L06012
SRR2129775,MMRF_1965_1_BM_CD138pos_T2_TSMRU_L06629
SRR2129777,MMRF_1967_1_BM_CD138pos_T2_TSMRU_L06628
SRR2129778,MMRF_1971_1_BM_CD138pos_T3_TSMRU_L07182
SRR2129779,MMRF_1972_1_BM_CD138pos_T2_TSMRU_L06649
SRR2129780,MMRF_1974_1_BM_CD138pos_T2_TSMRU_L06642
SRR2129781,MMRF_1977_1_BM_CD138pos_T2_TSMRU_L06650
SRR2129782,MMRF_1978_1_BM_CD138pos_T3_TSMRU_L07183
SRR2129783,MMRF_1981_1_BM_CD138pos_T2_TSMRU_L06630
SRR2129784,MMRF_1982_1_BM_CD138pos_T3_TSMRU_L07173
SRR2129785,MMRF_1985_1_BM_CD138pos_T2_TSMRU_L06645
SRR4189748,MMRF_1988_1_BM_CD138pos_T2_TSMRU_L14984
SRR2129786,MMRF_1991_1_BM_CD138pos_T3_TSMRU_L07174
SRR2129787,MMRF_1992_1_BM_CD138pos_T2_TSMRU_L06632
SRR2129789,MMRF_1997_1_BM_CD138pos_T3_TSMRU_L07632
SRR2129790,MMRF_1998_1_BM_CD138pos_T2_TSMRU_L06633
SRR2129791,MMRF_2000_1_BM_CD138pos_T2_TSMRU_L06634
SRR2129792,MMRF_2001_1_BM_CD138pos_T3_TSMRU_L07175
SRR2129793,MMRF_2002_1_BM_CD138pos_T3_TSMRU_L07198
SRR2129794,MMRF_2005_1_BM_CD138pos_T2_TSMRU_L06636
SRR2129795,MMRF_2006_1_BM_CD138pos_T3_TSMRU_L07176
SRR2129796,MMRF_2012_1_BM_CD138pos_T3_TSMRU_L07178
SRR2129797,MMRF_2013_1_BM_CD138pos_T2_TSMRU_L08168
SRR2129798,MMRF_2015_1_BM_CD138pos_T3_TSMRU_L07177
SRR3163695,MMRF_2016_1_BM_CD138pos_T2_TSMRU_L08167
SRR3163694,MMRF_2017_1_BM_CD138pos_T2_TSMRU_L08166
SRR2129799,MMRF_2018_1_BM_CD138pos_T3_TSMRU_L07185
SRR2129800,MMRF_2019_1_BM_CD138pos_T3_TSMRU_L07635
SRR2129801,MMRF_2026_1_BM_CD138pos_T3_TSMRU_L07647
SRR2129802,MMRF_2035_1_BM_CD138pos_T3_TSMRU_L07188
SRR2129803,MMRF_2038_1_BM_CD138pos_T3_TSMRU_L07187
SRR2129804,MMRF_2039_1_BM_CD138pos_T2_TSMRU_L08169
SRR2129805,MMRF_2041_1_BM_CD138pos_T3_TSMRU_L07189
SRR2129806,MMRF_2043_1_BM_CD138pos_T3_TSMRU_L07636
SRR2129807,MMRF_2047_1_BM_CD138pos_T3_TSMRU_L07199
SRR2129808,MMRF_2050_1_BM_CD138pos_T2_TSMRU_L08171
SRR2129809,MMRF_2054_1_BM_CD138pos_T3_TSMRU_L07190
SRR2129810,MMRF_2055_1_BM_CD138pos_T3_TSMRU_L07648
SRR2129811,MMRF_2056_1_BM_CD138pos_T3_TSMRU_L07192
SRR2129812,MMRF_2057_1_BM_CD138pos_T3_TSMRU_L07191
SRR2129813,MMRF_2059_1_BM_CD138pos_T3_TSMRU_L07649
SRR2129814,MMRF_2061_1_BM_CD138pos_T3_TSMRU_L07200
SRR2129815,MMRF_2062_1_BM_CD138pos_T3_TSMRU_L07193
SRR3163696,MMRF_2068_1_BM_CD138pos_T2_TSMRU_L08172
SRR2129817,MMRF_2072_1_BM_CD138pos_T3_TSMRU_L07195
SRR2129818,MMRF_2074_1_BM_CD138pos_T3_TSMRU_L07201
SRR2129819,MMRF_2076_1_BM_CD138pos_T3_TSMRU_L07652
SRR2129820,MMRF_2079_1_BM_CD138pos_T3_TSMRU_L07651
SRR2129821,MMRF_2080_1_BM_CD138pos_T3_TSMRU_L07650
SRR2129822,MMRF_2081_1_BM_CD138pos_T3_TSMRU_L07196
SRR2129823,MMRF_2082_1_BM_CD138pos_T3_TSMRU_L07653
SRR2129824,MMRF_2083_1_BM_CD138pos_T3_TSMRU_L07638
SRR3163688,MMRF_2087_1_BM_CD138pos_T3_TSMRU_L07654
SRR2129825,MMRF_2089_1_BM_CD138pos_T2_TSMRU_L08173
SRR2129826,MMRF_2091_1_BM_CD138pos_T3_TSMRU_L07639
SRR2129827,MMRF_2093_1_BM_CD138pos_T3_TSMRU_L07197
SRR2129828,MMRF_2097_1_BM_CD138pos_T2_TSMRU_L08160
SRR2129829,MMRF_2098_1_BM_CD138pos_T3_TSMRU_L07640
SRR2129830,MMRF_2102_1_BM_CD138pos_T2_TSMRU_L08174
SRR2129831,MMRF_2106_1_BM_CD138pos_T3_TSMRU_L07656
SRR2129832,MMRF_2107_1_BM_CD138pos_T3_TSMRU_L07657
SRR2129833,MMRF_2111_1_BM_CD138pos_T3_TSMRU_L07658
SRR2129834,MMRF_2113_1_BM_CD138pos_T2_TSMRU_L08157
SRR2129835,MMRF_2115_1_BM_CD138pos_T3_TSMRU_L07641
SRR2129836,MMRF_2116_1_BM_CD138pos_T3_TSMRU_L07642
SRR2129837,MMRF_2118_1_BM_CD138pos_T3_TSMRU_L07643
SRR2129838,MMRF_2119_1_BM_CD138pos_T3_TSMRU_L07660
SRR2129839,MMRF_2122_1_BM_CD138pos_T2_TSMRU_L07659
SRR2129840,MMRF_2125_1_BM_CD138pos_T4_TSMRU_L07661
SRR2129841,MMRF_2126_1_BM_CD138pos_T3_TSMRU_L07644
SRR2129842,MMRF_2140_1_BM_CD138pos_T2_TSMRU_L08161
SRR2129843,MMRF_2141_1_BM_CD138pos_T3_TSMRU_L07662
SRR2129844,MMRF_2143_1_BM_CD138pos_T2_TSMRU_L08158
SRR3163693,MMRF_2149_1_BM_CD138pos_T2_TSMRU_L08159
SRR2129845,MMRF_2150_1_BM_CD138pos_T3_TSMRU_L07645
SRR2129846,MMRF_2151_1_BM_CD138pos_T3_TSMRU_L07663
SRR2129847,MMRF_2153_1_BM_CD138pos_T3_TSMRU_L07664
SRR3163511,MMRF_2168_1_BM_CD138pos_T2_TSMRU_L09784
SRR2129848,MMRF_2170_1_BM_CD138pos_T2_TSMRU_L08175
SRR2129849,MMRF_2172_1_BM_CD138pos_T2_TSMRU_L08176
SRR2129850,MMRF_2173_1_BM_CD138pos_T2_TSMRU_L08177
SRR2129851,MMRF_2174_1_BM_CD138pos_T2_TSMRU_L08179
SRR2129852,MMRF_2176_1_BM_CD138pos_T2_TSMRU_L08178
SRR2129853,MMRF_2180_1_BM_CD138pos_T2_TSMRU_L08164
SRR3163512,MMRF_2183_1_BM_CD138pos_T2_TSMRU_L08447
SRR3163513,MMRF_2187_1_BM_CD138pos_T5_TSMRU_L08448
SRR2129854,MMRF_2194_1_BM_CD138pos_T2_TSMRU_L08186
SRR2129855,MMRF_2195_1_BM_CD138pos_T2_TSMRU_L08185
SRR2129856,MMRF_2197_1_BM_CD138pos_T2_TSMRU_L08187
SRR3163515,MMRF_2199_1_BM_CD138pos_T3_TSMRU_L08444
SRR2129857,MMRF_2200_1_BM_CD138pos_T2_TSMRU_L08188
SRR2129858,MMRF_2201_1_BM_CD138pos_T2_TSMRU_L08182
SRR2129859,MMRF_2203_1_BM_CD138pos_T2_TSMRU_L08183
SRR3163516,MMRF_2204_1_BM_CD138pos_T3_TSMRU_L08445
SRR3163517,MMRF_2211_1_BM_CD138pos_T3_TSMRU_L08451
SRR2129860,MMRF_2213_1_BM_CD138pos_T2_TSMRU_L08165
SRR2129861,MMRF_2214_1_BM_CD138pos_T2_TSMRU_L08184
SRR3163518,MMRF_2215_1_BM_CD138pos_T3_TSMRU_L10051
SRR2129862,MMRF_2216_1_BM_CD138pos_T2_TSMRU_L08163
SRR3163519,MMRF_2217_1_BM_CD138pos_T2_TSMRU_L08452
SRR3163520,MMRF_2220_1_BM_CD138pos_T3_TSMRU_L08454
SRR3163521,MMRF_2224_1_BM_CD138pos_T3_TSMRU_L10264
SRR3163522,MMRF_2225_1_BM_CD138pos_T3_TSMRU_L10265
SRR3163523,MMRF_2228_1_BM_CD138pos_T2_TSMRU_L09785
SRR3163524,MMRF_2229_1_BM_CD138pos_T3_TSMRU_L10266
SRR2129863,MMRF_2230_1_BM_CD138pos_T3_TSMRU_L08455
SRR2129864,MMRF_2231_1_BM_CD138pos_T3_TSMRU_L08456
SRR3163525,MMRF_2232_1_BM_CD138pos_T3_TSMRU_L08457
SRR3163526,MMRF_2236_1_BM_CD138pos_T2_TSMRU_L09791
SRR3163527,MMRF_2238_1_BM_CD138pos_T2_TSMRU_L09790
SRR3163528,MMRF_2240_1_BM_CD138pos_T2_TSMRU_L09786
SRR3163529,MMRF_2245_1_BM_CD138pos_T3_TSMRU_L10267
SRR2129865,MMRF_2250_1_BM_CD138pos_T3_TSMRU_L08458
SRR3163530,MMRF_2251_1_BM_CD138pos_T2_TSMRU_L09787
SRR3163531,MMRF_2253_1_BM_CD138pos_T3_TSMRU_L08459
SRR3163532,MMRF_2257_1_BM_CD138pos_T3_TSMRU_L10269
SRR3163533,MMRF_2258_1_BM_CD138pos_T2_TSMRU_L09788
SRR3163534,MMRF_2265_1_BM_CD138pos_T2_TSMRU_L10603
SRR3163535,MMRF_2266_1_BM_CD138pos_T3_TSMRU_L08460
SRR3163536,MMRF_2267_1_BM_CD138pos_T2_TSMRU_L09789
SRR3163537,MMRF_2268_1_BM_CD138pos_T3_TSMRU_L10270
SRR3163538,MMRF_2269_1_BM_CD138pos_T2_TSMRU_L09798
SRR3163539,MMRF_2271_1_BM_CD138pos_T2_TSMRU_L09793
SRR3163540,MMRF_2272_1_BM_CD138pos_T2_TSMRU_L09794
SRR3163541,MMRF_2273_1_BM_CD138pos_T3_TSMRU_L10271
SRR3163542,MMRF_2279_1_BM_CD138pos_T2_TSMRU_L09795
SRR3163543,MMRF_2286_1_BM_CD138pos_T3_TSMRU_L10056
SRR3163544,MMRF_2290_1_BM_CD138pos_T2_TSMRU_L09801
SRR3163545,MMRF_2291_1_BM_CD138pos_T2_TSMRU_L09799
SRR3163546,MMRF_2293_1_BM_CD138pos_T3_TSMRU_L10272
SRR3163547,MMRF_2297_1_BM_CD138pos_T3_TSMRU_L10053
SRR3163548,MMRF_2300_1_BM_CD138pos_T3_TSMRU_L10273
SRR3163549,MMRF_2301_1_BM_CD138pos_T3_TSMRU_L10057
SRR3163550,MMRF_2302_1_BM_CD138pos_T3_TSMRU_L10054
SRR3163551,MMRF_2305_1_BM_CD138pos_T3_TSMRU_L10274
SRR3163552,MMRF_2306_1_BM_CD138pos_T2_TSMRU_L09802
SRR3163553,MMRF_2307_1_BM_CD138pos_T3_TSMRU_L10275
SRR3163554,MMRF_2310_1_BM_CD138pos_T2_TSMRU_L09803
SRR3163555,MMRF_2313_1_BM_CD138pos_T3_TSMRU_L10276
SRR3163556,MMRF_2314_1_BM_CD138pos_T3_TSMRU_L10278
SRR3163557,MMRF_2316_1_BM_CD138pos_T2_TSMRU_L09804
SRR3163558,MMRF_2317_1_BM_CD138pos_T3_TSMRU_L10277
SRR3163559,MMRF_2325_1_BM_CD138pos_T3_TSMRU_L10055
SRR3163560,MMRF_2326_1_BM_CD138pos_T3_TSMRU_L10059
SRR3163561,MMRF_2328_1_BM_CD138pos_T3_TSMRU_L10279
SRR3163562,MMRF_2329_1_BM_CD138pos_T2_TSMRU_L09797
SRR3163563,MMRF_2330_1_BM_CD138pos_T3_TSMRU_L10058
SRR3163564,MMRF_2331_1_BM_CD138pos_T3_TSMRU_L10060
SRR3163565,MMRF_2335_1_BM_CD138pos_T3_TSMRU_L10280
SRR3163566,MMRF_2336_1_BM_CD138pos_T3_TSMRU_L10281
SRR3163567,MMRF_2339_1_BM_CD138pos_T3_TSMRU_L10071
SRR3163568,MMRF_2341_1_BM_CD138pos_T3_TSMRU_L10061
SRR3163569,MMRF_2352_1_BM_CD138pos_T3_TSMRU_L10062
SRR3163570,MMRF_2353_1_BM_CD138pos_T3_TSMRU_L10064
SRR3163571,MMRF_2362_1_BM_CD138pos_T3_TSMRU_L10065
SRR3163573,MMRF_2364_1_BM_CD138pos_T2_TSMRU_L10605
SRR3163574,MMRF_2365_1_BM_CD138pos_T3_TSMRU_L10318
SRR3163575,MMRF_2366_1_BM_CD138pos_T3_TSMRU_L10072
SRR3163576,MMRF_2367_1_BM_CD138pos_T3_TSMRU_L10073
SRR3163577,MMRF_2368_1_BM_CD138pos_T3_TSMRU_L10283
SRR3163578,MMRF_2373_1_BM_CD138pos_T3_TSMRU_L10075
SRR3163579,MMRF_2377_1_BM_CD138pos_T3_TSMRU_L10066
SRR3163580,MMRF_2378_1_BM_CD138pos_T3_TSMRU_L10076
SRR3163581,MMRF_2379_1_BM_CD138pos_T3_TSMRU_L10068
SRR3163582,MMRF_2380_1_BM_CD138pos_T3_TSMRU_L10067
SRR3163583,MMRF_2384_1_BM_CD138pos_T2_TSMRU_L10621
SRR3163584,MMRF_2394_1_BM_CD138pos_T3_TSMRU_L10262
SRR3163585,MMRF_2399_1_BM_CD138pos_T3_TSMRU_L10284
SRR3163586,MMRF_2400_1_BM_CD138pos_T2_TSMRU_L10606
SRR4189169,MMRF_2401_1_BM_CD138pos_T2_TSMRU_L12456
SRR3163587,MMRF_2404_1_BM_CD138pos_T3_TSMRU_L10285
SRR3163588,MMRF_2407_1_BM_CD138pos_T3_TSMRU_L10286
SRR3163589,MMRF_2409_1_BM_CD138pos_T3_TSMRU_L10070
SRR3163590,MMRF_2412_1_BM_CD138pos_T3_TSMRU_L10287
SRR3163591,MMRF_2413_1_BM_CD138pos_T2_TSMRU_L10618
SRR3163592,MMRF_2419_1_BM_CD138pos_T2_TSMRU_L10607
SRR3163593,MMRF_2422_1_BM_CD138pos_T2_TSMRU_L10613
SRR4188981,MMRF_2427_1_BM_CD138pos_T2_TSMRU_L11507
SRR3163594,MMRF_2429_1_BM_CD138pos_T2_TSMRU_L10614
SRR3163595,MMRF_2433_1_BM_CD138pos_T2_TSMRU_L10615
SRR4188973,MMRF_2436_1_BM_CD138pos_T2_TSMRU_L11499
SRR4188974,MMRF_2437_1_BM_CD138pos_T2_TSMRU_L11500
SRR4188975,MMRF_2438_1_BM_CD138pos_T2_TSMRU_L11501
SRR3163596,MMRF_2440_1_BM_CD138pos_T2_TSMRU_L10608
SRR3163597,MMRF_2444_1_BM_CD138pos_T2_TSMRU_L10620
SRR4188976,MMRF_2445_1_BM_CD138pos_T2_TSMRU_L11502
SRR4188977,MMRF_2449_1_BM_CD138pos_T2_TSMRU_L11503
SRR3163598,MMRF_2452_1_BM_CD138pos_T2_TSMRU_L10623
SRR3163599,MMRF_2453_1_BM_CD138pos_T2_TSMRU_L10609
SRR3163600,MMRF_2455_1_BM_CD138pos_T2_TSMRU_L10610
SRR4188978,MMRF_2456_1_BM_CD138pos_T2_TSMRU_L11504
SRR4188979,MMRF_2457_1_BM_CD138pos_T2_TSMRU_L11505
SRR3163601,MMRF_2458_1_BM_CD138pos_T2_TSMRU_L10617
SRR3163602,MMRF_2459_1_BM_CD138pos_T2_TSMRU_L10611
SRR4188980,MMRF_2461_1_BM_CD138pos_T2_TSMRU_L11506
SRR4188970,MMRF_2464_1_BM_CD138pos_T2_TSMRU_L11496
SRR4188996,MMRF_2465_1_BM_CD138pos_T2_TSMRU_L11536
SRR4189151,MMRF_2468_1_BM_CD138pos_T2_TSMRU_L12436
SRR3163603,MMRF_2469_1_BM_CD138pos_T2_TSMRU_L11128
SRR4188982,MMRF_2471_1_BM_CD138pos_T2_TSMRU_L11508
SRR4188983,MMRF_2473_1_BM_CD138pos_T2_TSMRU_L11509
SRR4188984,MMRF_2475_1_BM_CD138pos_T2_TSMRU_L11524
SRR4188971,MMRF_2476_1_BM_CD138pos_T2_TSMRU_L11497
SRR4188972,MMRF_2478_1_BM_CD138pos_T2_TSMRU_L11498
SRR4188985,MMRF_2480_1_BM_CD138pos_T2_TSMRU_L11525
SRR4188991,MMRF_2485_1_BM_CD138pos_T2_TSMRU_L11531
SRR4188992,MMRF_2487_1_BM_CD138pos_T2_TSMRU_L11532
SRR4188997,MMRF_2488_1_BM_CD138pos_T2_TSMRU_L11537
SRR4188993,MMRF_2489_1_BM_CD138pos_T2_TSMRU_L11533
SRR4188998,MMRF_2490_1_BM_CD138pos_T2_TSMRU_L11538
SRR4188986,MMRF_2497_1_BM_CD138pos_T2_TSMRU_L11526
SRR4188994,MMRF_2498_1_BM_CD138pos_T2_TSMRU_L11534
SRR4189138,MMRF_2499_1_BM_CD138pos_T2_TSMRU_L12423
SRR4188987,MMRF_2501_1_BM_CD138pos_T2_TSMRU_L11527
SRR4188988,MMRF_2505_1_BM_CD138pos_T2_TSMRU_L11528
SRR4189139,MMRF_2506_1_BM_CD138pos_T2_TSMRU_L12424
SRR4189783,MMRF_2507_1_BM_CD138pos_T2_TSMRU_L13872
SRR4189146,MMRF_2514_1_BM_CD138pos_T2_TSMRU_L12431
SRR4189152,MMRF_2515_1_BM_CD138pos_T2_TSMRU_L12437
SRR4189147,MMRF_2516_1_BM_CD138pos_T2_TSMRU_L12432
SRR4189272,MMRF_2518_1_BM_CD138pos_T2_TSMRU_L12686
SRR4189271,MMRF_2519_1_BM_CD138pos_T2_TSMRU_L12685
SRR4189137,MMRF_2522_1_BM_CD138pos_T2_TSMRU_L12422
SRR4188990,MMRF_2523_1_BM_CD138pos_T2_TSMRU_L11530
SRR4189145,MMRF_2524_1_BM_CD138pos_T2_TSMRU_L12430
SRR4189148,MMRF_2525_1_BM_CD138pos_T2_TSMRU_L12433
SRR4189273,MMRF_2526_1_BM_CD138pos_T2_TSMRU_L12687
SRR4189140,MMRF_2531_1_BM_CD138pos_T3_TSMRU_L12425
SRR4189150,MMRF_2532_1_BM_CD138pos_T2_TSMRU_L12435
SRR4189482,MMRF_2535_1_BM_CD138pos_T2_TSMRU_L13117
SRR4189162,MMRF_2538_1_BM_CD138pos_T2_TSMRU_L12448
SRR4189153,MMRF_2539_1_BM_CD138pos_T2_TSMRU_L12438
SRR4189141,MMRF_2541_1_BM_CD138pos_T2_TSMRU_L12426
SRR4189274,MMRF_2543_1_BM_CD138pos_T2_TSMRU_L12688
SRR4189163,MMRF_2548_1_BM_CD138pos_T2_TSMRU_L12449
SRR4189154,MMRF_2549_1_BM_CD138pos_T2_TSMRU_L12439
SRR4189142,MMRF_2550_1_BM_CD138pos_T2_TSMRU_L12427
SRR4189164,MMRF_2554_1_BM_CD138pos_T2_TSMRU_L12450
SRR4189155,MMRF_2557_1_BM_CD138pos_T2_TSMRU_L12440
SRR4189143,MMRF_2559_1_BM_CD138pos_T2_TSMRU_L12428
SRR4189144,MMRF_2560_1_BM_CD138pos_T2_TSMRU_L12429
SRR4189156,MMRF_2562_1_BM_CD138pos_T2_TSMRU_L12441
SRR4189204,MMRF_2564_1_BM_CD138pos_T2_TSMRU_L12521
SRR4189276,MMRF_2567_1_BM_CD138pos_T2_TSMRU_L12690
SRR4189157,MMRF_2568_1_BM_CD138pos_T2_TSMRU_L12443
SRR4189158,MMRF_2570_1_BM_CD138pos_T2_TSMRU_L12444
SRR4189277,MMRF_2572_1_BM_CD138pos_T2_TSMRU_L12691
SRR4189250,MMRF_2573_1_BM_CD138pos_T2_TSMRU_L12663
SRR4189251,MMRF_2574_1_BM_CD138pos_T2_TSMRU_L12664
SRR4189159,MMRF_2579_1_BM_CD138pos_T2_TSMRU_L12445
SRR4189278,MMRF_2580_1_BM_CD138pos_T2_TSMRU_L12692
SRR4189160,MMRF_2581_1_BM_CD138pos_T2_TSMRU_L12446
SRR4189262,MMRF_2583_1_BM_CD138pos_T2_TSMRU_L12676
SRR4189165,MMRF_2587_1_BM_CD138pos_T2_TSMRU_L12451
SRR4189161,MMRF_2590_1_BM_CD138pos_T2_TSMRU_L12447
SRR4189170,MMRF_2595_1_BM_CD138pos_T2_TSMRU_L12457
SRR4189254,MMRF_2596_1_BM_CD138pos_T2_TSMRU_L12667
SRR4189256,MMRF_2597_1_BM_CD138pos_T2_TSMRU_L12669
SRR4189171,MMRF_2598_1_BM_CD138pos_T2_TSMRU_L12458
SRR4189255,MMRF_2599_1_BM_CD138pos_T2_TSMRU_L12668
SRR4189281,MMRF_2601_1_BM_CD138pos_T2_TSMRU_L12695
SRR4189280,MMRF_2602_1_BM_CD138pos_T2_TSMRU_L12694
SRR4189263,MMRF_2604_1_BM_CD138pos_T2_TSMRU_L12677
SRR4189252,MMRF_2605_1_BM_CD138pos_T2_TSMRU_L12665
SRR4189282,MMRF_2606_1_BM_CD138pos_T2_TSMRU_L12696
SRR4189257,MMRF_2608_1_BM_CD138pos_T2_TSMRU_L12670
SRR4189253,MMRF_2611_1_BM_CD138pos_T2_TSMRU_L12666
SRR4189283,MMRF_2613_1_BM_CD138pos_T2_TSMRU_L12697
SRR4189205,MMRF_2614_1_BM_CD138pos_T2_TSMRU_L12522
SRR4189258,MMRF_2621_1_BM_CD138pos_T2_TSMRU_L12672
SRR4189167,MMRF_2622_1_BM_CD138pos_T2_TSMRU_L12454
SRR4189259,MMRF_2626_1_BM_CD138pos_T2_TSMRU_L12673
SRR4189261,MMRF_2628_1_BM_CD138pos_T2_TSMRU_L12675
SRR4189265,MMRF_2630_1_BM_CD138pos_T2_TSMRU_L12679
SRR4189260,MMRF_2631_1_BM_CD138pos_T2_TSMRU_L12674
SRR4189284,MMRF_2634_1_BM_CD138pos_T2_TSMRU_L12698
SRR4189264,MMRF_2635_1_BM_CD138pos_T2_TSMRU_L12678
SRR4189472,MMRF_2636_1_BM_CD138pos_T2_TSMRU_L13107
SRR4189473,MMRF_2637_1_BM_CD138pos_T2_TSMRU_L13108
SRR4189474,MMRF_2638_1_BM_CD138pos_T2_TSMRU_L13109
SRR4189475,MMRF_2639_1_BM_CD138pos_T2_TSMRU_L13110
SRR4189476,MMRF_2641_1_BM_CD138pos_T2_TSMRU_L13111
SRR4189477,MMRF_2642_1_BM_CD138pos_T2_TSMRU_L13112
SRR4189478,MMRF_2643_1_BM_CD138pos_T2_TSMRU_L13113
SRR4189479,MMRF_2644_1_BM_CD138pos_T2_TSMRU_L13114
SRR4189480,MMRF_2646_1_BM_CD138pos_T2_TSMRU_L13115
SRR4189792,MMRF_2651_1_BM_CD138pos_T2_TSMRU_L13880
SRR4189797,MMRF_2652_1_BM_CD138pos_T2_TSMRU_L13881
SRR4189804,MMRF_2654_1_BM_CD138pos_T2_TSMRU_L13867
SRR4189821,MMRF_2664_1_BM_CD138pos_T2_TSMRU_L13869
SRR4189834,MMRF_2667_1_BM_CD138pos_T2_TSMRU_L13882
SRR4189843,MMRF_2670_1_BM_CD138pos_T2_TSMRU_L13883
SRR4189852,MMRF_2675_1_BM_CD138pos_T2_TSMRU_L13884
SRR4189857,MMRF_2676_1_BM_CD138pos_T2_TSMRU_L13885
SRR4189862,MMRF_2677_1_BM_CD138pos_T2_TSMRU_L13886
SRR4189867,MMRF_2678_1_BM_CD138pos_T2_TSMRU_L14114
SRR4189876,MMRF_2680_1_BM_CD138pos_T2_TSMRU_L13871
SRR4189881,MMRF_2681_1_BM_CD138pos_T2_TSMRU_L14093
SRR4189886,MMRF_2682_1_BM_CD138pos_T2_TSMRU_L13865
SRR4189901,MMRF_2689_1_BM_CD138pos_T2_TSMRU_L13879
SRR4189906,MMRF_2690_1_BM_CD138pos_T3_TSMRU_L14478
SRR4189911,MMRF_2691_1_BM_CD138pos_T3_TSMRU_L14570
SRR4189916,MMRF_2692_1_BM_CD138pos_T3_TSMRU_L14571
SRR4189921,MMRF_2694_1_BM_CD138pos_T3_TSMRU_L14572
SRR4189926,MMRF_2695_1_BM_CD138pos_T3_TSMRU_L14479
SRR4189931,MMRF_2696_1_BM_CD138pos_T3_TSMRU_L14573
SRR4189935,MMRF_2697_1_BM_CD138pos_T3_TSMRU_L14581
SRR4189939,MMRF_2698_1_BM_CD138pos_T3_TSMRU_L14574
SRR4189944,MMRF_2699_1_BM_CD138pos_T3_TSMRU_L14480
SRR4189949,MMRF_2700_1_BM_CD138pos_T3_TSMRU_L14576
SRR4189958,MMRF_2702_1_BM_CD138pos_T3_TSMRU_L14575
SRR4189971,MMRF_2705_1_BM_CD138pos_T3_TSMRU_L14577
SRR4189976,MMRF_2706_1_BM_CD138pos_T3_TSMRU_L14578
SRR4189989,MMRF_2709_1_BM_CD138pos_T3_TSMRU_L14579
SRR4189993,MMRF_2711_1_BM_CD138pos_T3_TSMRU_L14481
SRR4190006,MMRF_2716_1_BM_CD138pos_T3_TSMRU_L14580
SRR4190010,MMRF_2717_1_BM_CD138pos_T3_TSMRU_L14567
SRR4190014,MMRF_2718_1_BM_CD138pos_T3_TSMRU_L14475
SRR4190019,MMRF_2719_1_BM_CD138pos_T3_TSMRU_L14568
SRR4190023,MMRF_2720_1_BM_CD138pos_T3_TSMRU_L14476
SRR4190026,MMRF_2721_1_BM_CD138pos_T3_TSMRU_L14477
SRR4190031,MMRF_2722_1_BM_CD138pos_T3_TSMRU_L14569
SRR4190036,MMRF_2723_1_BM_CD138pos_T3_TSMRU_L14482
SRR4190041,MMRF_2727_1_BM_CD138pos_T2_TSMRU_L14988
SRR4190046,MMRF_2728_1_BM_CD138pos_T2_TSMRU_L14998
SRR4190051,MMRF_2729_1_BM_CD138pos_T2_TSMRU_L14999
SRR4190060,MMRF_2731_1_BM_CD138pos_T2_TSMRU_L14989
SRR4190065,MMRF_2732_1_BM_CD138pos_T2_TSMRU_L14990
SRR4190070,MMRF_2733_1_BM_CD138pos_T2_TSMRU_L14991
SRR4190075,MMRF_2734_1_BM_CD138pos_T2_TSMRU_L14992
SRR4190082,MMRF_2737_1_BM_CD138pos_T2_TSMRU_L14993
SRR4190091,MMRF_2739_1_BM_CD138pos_T2_TSMRU_L15000
SRR4190096,MMRF_2740_1_BM_CD138pos_T2_TSMRU_L14994
SRR4190101,MMRF_2742_1_BM_CD138pos_T2_TSMRU_L15001
SRR4190106,MMRF_2743_1_BM_CD138pos_T2_TSMRU_L15002
SRR4190111,MMRF_2745_1_BM_CD138pos_T2_TSMRU_L15003
SRR4190116,MMRF_2746_1_BM_CD138pos_T2_TSMRU_L15004
SRR4190119,MMRF_2749_1_BM_CD138pos_T1_TSMRU_L15005
SRR4190123,MMRF_2750_1_BM_CD138pos_T2_TSMRU_L15006
SRR4190128,MMRF_2751_1_BM_CD138pos_T2_TSMRU_L15007
SRR4190141,MMRF_2754_1_BM_CD138pos_T2_TSMRU_L14987
SRR4190154,MMRF_2757_1_BM_CD138pos_T2_TSMRU_L14995
SRR5497046,MMRF_2760_1_BM_CD138pos_T2_TSMRU_L16016
SRR5497051,MMRF_2761_1_BM_CD138pos_T2_TSMRU_L16017
SRR5497056,MMRF_2762_1_BM_CD138pos_T2_TSMRU_L16018
SRR5497061,MMRF_2763_1_BM_CD138pos_T2_TSMRU_L16019
SRR5497066,MMRF_2764_1_BM_CD138pos_T2_TSMRU_L16020
SRR5497075,MMRF_2767_1_BM_CD138pos_T2_TSMRU_L16021
SRR5497084,MMRF_2769_1_BM_CD138pos_T2_TSMRU_L16022
SRR5497089,MMRF_2770_1_BM_CD138pos_T2_TSMRU_L16023
SRR5497094,MMRF_2772_1_BM_CD138pos_T2_TSMRU_L16024
SRR5497099,MMRF_2774_1_BM_CD138pos_T2_TSMRU_L16025
SRR5497108,MMRF_2776_1_BM_CD138pos_T2_TSMRU_L16026
SRR5497113,MMRF_2778_1_BM_CD138pos_T2_TSMRU_L16027
SRR5497118,MMRF_2779_1_BM_CD138pos_T2_TSMRU_L16028
SRR5497123,MMRF_2781_1_BM_CD138pos_T2_TSMRU_L16029
SRR5497128,MMRF_2782_1_BM_CD138pos_T2_TSMRU_L16030
SRR5497133,MMRF_2787_1_BM_CD138pos_T2_TSMRU_L16031
SRR5497138,MMRF_2788_1_BM_CD138pos_T2_TSMRU_L16032
SRR5497143,MMRF_2789_1_BM_CD138pos_T2_TSMRU_L16033
SRR5497152,MMRF_2793_1_BM_CD138pos_T2_TSMRU_L16034
SRR5497157,MMRF_2794_1_BM_CD138pos_T2_TSMRU_L16035
SRR5497162,MMRF_2795_1_BM_CD138pos_T2_TSMRU_L16036
SRR5497169,MMRF_2799_1_BM_CD138pos_T2_TSMRU_L16038
SRR5497174,MMRF_2801_1_BM_CD138pos_T2_TSMRU_L16037
SRR5497183,MMRF_2807_1_BM_CD138pos_T2_TSMRU_L16039
SRR5497188,MMRF_2808_1_BM_CD138pos_T2_TSMRU_L16040
SRR5497197,MMRF_2813_1_BM_CD138pos_T2_TSMRU_L16041
SRR5497202,MMRF_2814_1_BM_CD138pos_T2_TSMRU_L16042
SRR5497207,MMRF_2815_1_BM_CD138pos_T2_TSMRU_L16043
SRR5497212,MMRF_2816_1_BM_CD138pos_T2_TSMRU_L16044
SRR5497217,MMRF_2817_1_BM_CD138pos_T2_TSMRU_L16045
SRR5497222,MMRF_2818_1_BM_CD138pos_T2_TSMRU_L16046
SRR5497231,MMRF_2820_1_BM_CD138pos_T2_TSMRU_L16047
SRR5497240,MMRF_2822_1_BM_CD138pos_T2_TSMRU_L16048
SRR5497249,MMRF_2826_1_BM_CD138pos_T3_TSMRU_L16372
SRR5497254,MMRF_2827_1_BM_CD138pos_T3_TSMRU_L16371
SRR5497259,MMRF_2828_1_BM_CD138pos_T3_TSMRU_L16373
SRR5497264,MMRF_2829_1_BM_CD138pos_T3_TSMRU_L16375
SRR5497269,MMRF_2830_1_BM_CD138pos_T3_TSMRU_L16376
SRR5497274,MMRF_2831_1_BM_CD138pos_T3_TSMRU_L16370
SRR5497279,MMRF_2832_1_BM_CD138pos_T3_TSMRU_L16377
SRR5497288,MMRF_2834_1_BM_CD138pos_T3_TSMRU_L16374
SRR5497297,MMRF_2836_1_BM_CD138pos_T3_TSMRU_L16378
SRR5497313,MMRF_2843_1_BM_CD138pos_T3_TSMRU_L16379
SRR5497319,MMRF_2847_1_BM_CD138pos_T3_TSMRU_L16381
SRR5497324,MMRF_2848_1_BM_CD138pos_T3_TSMRU_L16380
SRR5497329,MMRF_2851_1_BM_CD138pos_T3_TSMRU_L16382
SRR5497334,MMRF_2853_1_BM_CD138pos_T3_TSMRU_L16383
